지점명,주소,전화번호
마스터키 프라임신촌퍼플릭,서울특별시 서대문구 연세로7안길 20 지하1층,02-336-1777
마스터키 노원점,"서울특별시 노원구 상계로3길 21, B1",02-933-0415
마스터키 동탄프라임,경기도 화성시 동탄중심상가2길 37 6층,031-8015-4777
마스터키 강남프라임,"서울특별시 강남구 강남대로98길 11, B2층",070-4193-0021
마스터키 건대로데오,서울특별시 광진구 동일로20길 98 지하1층,02-466-1113
마스터키 평택점,경기도 평택시 평택동 291-2 5층 스타로데오빌딩,031-654-3613
마스터키 건대점,서울특별시 광진구 자양동 24-2 지하 1층 방탈출카페 마스터키,02-462-5655
마스터키 프라임청주점,충청북도 청주시 상당구 상당로69번길 3 2F,070-8818-8000
마스터키 화정점,경기도 고양시 덕양구 화신로272번길 29 (현대프라자)5F,070-8820-8800
마스터키 잠실점,서울특별시 송파구 잠실동 180-9 5층,02-416-6769
마스터키 홍대상수점,서울특별시 마포구 독막로65-1 지하1층,02-334-7757
마스터키 부산서면점,부산광역시 부산진구 부전동 225-5 4층,051-809-5550
마스터키 천안신부점,충청남도 천안시 동남구 먹거리11길 25 5층,041-554-5828
마스터키 강남점,서울특별시 강남구 역삼동 811-6 지하1층,02-558-6685
마스터키 대구동성로로데오점,대구광역시 중구 동성로5길 43,053-256-7503
마스터키 안양점,경기도 안양시 만안구 장내로149번길 49 3층,031-441-0612
마스터키 익산점,전라북도 익산시 동서로19길 74-1,063-856-8782
마스터키 홍대점,서울특별시 마포구 와우산로27길 39 3F 마스터키,02-337-5575
마스터키 대구동성로점,대구광역시 중구 동성로5길 62 (삼덕동1가) 4F 마스터키,053-213-7503
마스터키 전주고사점,전라북도 전주시 완산구 전주객사5길 30-2 (고사동),063-288-8782
마스터키 천안두정점,충청남도 천안시 서북구 두정로 177 3F 마스터키,041-553-5828
마스터키 은행직영점,대전광역시 중구 은행동 165-1 은행타워 4F 마스터키,042-222-2250
